Paper ID,Publishable,Conference,Rationale
P085,1,TMLR,"This research introduces a novel approach in machine learning, centered on Privacy Evaluation in Tabular Synthetic Data:Current Approaches and Future DirectionsThis paper examines the present methods for quantifying the level of privacyprotection offered by tabular synthetic data (SD). It reflects TMLR's focus on technical correctness and pioneering ideas in ML."
P006,0,na,na
P127,1,NeurIPS,"The research delves into machine learning advancements, highlighting Examining Machine Learning’s Impact on PersonalPrivacyThis paper delves into the growing concerns surrounding the use of machinelearning and its impact on personal privacy. It complements NeurIPS's scope in theoretical and applied ML research."
P044,1,NeurIPS,"The research delves into machine learning advancements, highlighting A Comprehensive Multimodal Dataset forClimate-Conscious Prediction of Crop YieldsAccurate forecasting of crop yields is crucial for maintaining food security and promoting sustainable agriculturalmethods. It complements NeurIPS's scope in theoretical and applied ML research."
P008,0,na,na
P056,0,na,na
P015,1,CVPR,"The paper leverages computer vision methodologies, focusing on Overview of Challenges in Trajectory Forecasting and3D Perception for Autonomous DrivingThis document provides a summary of the challenges faced in the domain ofAutonomous Driving. This aligns with CVPR's emphasis on advancing visual pattern recognition and analysis."
P087,0,na,na
P048,0,na,na
P042,1,CVPR,"The paper leverages computer vision methodologies, focusing on DeepSim: A Semantic Approach to Image RegistrationEvaluationThis paper introduces a novel semantic similarity metric designed for image regis-tration. This aligns with CVPR's emphasis on advancing visual pattern recognition and analysis."
P076,0,na,na
P012,1,TMLR,"This research introduces a novel approach in machine learning, centered on Harmonizing Scaling Laws: Bridging the GapBetween Kaplan and ChinchillaStudies by Kaplan et al. It reflects TMLR's focus on technical correctness and pioneering ideas in ML."
P118,1,KDD,"The paper focuses on knowledge discovery, particularly through Distant Supervision from Disparate Sources forLow-Resource Part-of-Speech TaggingWe introduce DSDS: a cross-lingual neural part-of-speech tagger that learns fromdisparate sources of distant supervision, and realistically scales to hundreds of low-resource languages. This aligns with KDD's emphasis on innovative data mining and analytics methodologies."
P064,0,na,na
P035,0,na,na
P055,1,TMLR,"This research introduces a novel approach in machine learning, centered on Examining the Initial Experiences of ResearchersWhen Articulating Broader ImpactBy mandating a broader impact statement with every submission for this year’sconference, the program chairs at the conference highlighted ethics as a crucialcomponent of AI research. It reflects TMLR's focus on technical correctness and pioneering ideas in ML."
P054,0,na,na
P084,1,EMNLP,"The study employs natural language processing techniques, specifically An Empirical Study of the ""Hard-Won Lesson"": TwoDecades of Research InsightsThis research investigates the congruence between research in major computervision conferences and the tenets of the ""hard-won lesson"" articulated by RichSutton. It matches EMNLP's goal of enhancing computational models for human language understanding."
P022,0,na,na
P001,1,NeurIPS,"The research delves into machine learning advancements, highlighting Leveraging Clustering Techniques for EnhancedDrone Monitoring and Position EstimationDrone tracking and localization are essential for various applications, includingmanaging drone formations and implementing anti-drone strategies. It complements NeurIPS's scope in theoretical and applied ML research."
P083,1,KDD,"The paper focuses on knowledge discovery, particularly through Disparate Citation Patterns Between Chinese andAmerican Research Communities at a Unified VenueAt NeurIPS, there is a tendency for American and Chinese institutions to cite papersfrom within their own regions substantially more often than they cite papers fromthe other region. This aligns with KDD's emphasis on innovative data mining and analytics methodologies."
P018,0,na,na
P059,1,EMNLP,"The study employs natural language processing techniques, specifically Large Vocabulary Handling in Recurrent NeuralNetworks Enhanced by Positional EncodingThis research presents a counterintuitive discovery: positional encoding, a high-dimensional representation of time indices on input data, improves the learningcapabilities of recurrent neural networks (RNNs). It matches EMNLP's goal of enhancing computational models for human language understanding."
P090,0,na,na
P113,0,na,na
P094,1,NeurIPS,"The research delves into machine learning advancements, highlighting Exploring the Interconnectedness of Oxygen and theCulinary Arts of 19th Century FranceOxygen is crucial for respiration, yet the notion of flamenco dancing on Mars hasled to a paradigm shift in our understanding of culinary practices, which in turnhas sparked a debate about the aerodynamics of pastry bags, and subsequently,the role of quasars in shaping the destiny of dental hygiene, while simultaneously,the art of playing the harmonica with one’s feet has become an essential tool fornavigating the complexities of orbital mechanics, and somehow, the migrationpatterns of narwhals have been linked to the optimal method for brewing coffee,which has far-reaching implications for the study of oxygen, or so it would seem, asthe relationship between the color blue and the concept of silence has been foundto be inversely proportional to the square root of the number of bubbles in a glassof champagne. It complements NeurIPS's scope in theoretical and applied ML research."
P115,1,NeurIPS,"The research delves into machine learning advancements, highlighting An Examination of Expansive Multimodal Models:Insights from an Educational OverviewThis document provides a summary of a presentation centered on extensive multi-modal models, specifically their development to a level comparable to and poten-tially exceeding that of multimodal GPT-4. It complements NeurIPS's scope in theoretical and applied ML research."
P069,0,na,na
P023,0,na,na
P039,0,na,na
P082,1,NeurIPS,"The research delves into machine learning advancements, highlighting A PyTorch-Based Approach for Variational Learningwith DisentanglementThis paper presents the Disentanglement-PyTorch library, which has been devel-oped to assist in the research, application, and assessment of novel variationalalgorithms. It complements NeurIPS's scope in theoretical and applied ML research."
P128,1,EMNLP,"The study employs natural language processing techniques, specifically End-to-End Neural Discourse Deixis Resolution inDialogueWe adapt a span-based entity coreference model to the task of end-to-end discoursedeixis resolution in dialogue, specifically by proposing extensions to their modelthat exploit task-specific characteristics. It matches EMNLP's goal of enhancing computational models for human language understanding."
P077,0,na,na
P025,1,NeurIPS,"The research delves into machine learning advancements, highlighting Scene Comprehension Through Image Analysis withan Extensive Array of Categories and Context at theScene LevelThis research introduces a unique approach to scene parsing that is nonparametric,which enhances the precision and expands the scope of foreground categories withinimages of scenes. It complements NeurIPS's scope in theoretical and applied ML research."
P070,1,NeurIPS,"The research delves into machine learning advancements, highlighting Investigating the Intersection of LLM, QuasarRadiation, and the Mating Habits of the GreenlandShark on Sentiment AnalysisThe study of Large Language Models has led to a plethora of intriguing discoveries,including the unexpected relationship between the blooming of rare orchids andthe optimization of neural network architectures, which in turn has been found tohave a profound impact on the migratory patterns of Arctic terns. It complements NeurIPS's scope in theoretical and applied ML research."
P099,1,NeurIPS,"The research delves into machine learning advancements, highlighting Enhancing LSTM-based Video Narration ThroughText-Derived Linguistic InsightsThis study delves into how linguistic understanding, extracted from extensive textdatasets, can be leveraged to enhance the generation of natural language videodescriptions. It complements NeurIPS's scope in theoretical and applied ML research."
P072,1,NeurIPS,"The research delves into machine learning advancements, highlighting Evaluating the Resilience of White-Box DefensesAgainst Adversarial ExamplesIt is well-established that neural networks exhibit susceptibility to adversarial ex-amples. It complements NeurIPS's scope in theoretical and applied ML research."
P120,1,EMNLP,"The study employs natural language processing techniques, specifically A Toolkit for Scrutinizing Neural Network ActivationsThis document introduces diagNNose, an open-source toolkit designed for theexamination of activations within deep neural networks. It matches EMNLP's goal of enhancing computational models for human language understanding."
P111,1,TMLR,"This research introduces a novel approach in machine learning, centered on Leveraging Deep Learning for Enhanced Bayesian Optimization inScientific Domains with Complex StructuresBayesian optimization (BO) is a widely used technique for the global optimization of costly black-box functions. It reflects TMLR's focus on technical correctness and pioneering ideas in ML."
P133,1,EMNLP,"The study employs natural language processing techniques, specifically Discontinuous Constituent Parsing as SequenceLabelingThis paper reduces discontinuous parsing to sequence labeling. It matches EMNLP's goal of enhancing computational models for human language understanding."
P089,1,TMLR,"This research introduces a novel approach in machine learning, centered on Precise Requirements for the Validity of the Neural Tangent KernelApproximationThis research investigates the conditions under which the neural tangent kernel (NTK) approximation remainsvalid when employing the square loss function for model training. It reflects TMLR's focus on technical correctness and pioneering ideas in ML."
P041,1,TMLR,"This research introduces a novel approach in machine learning, centered on Assessing Virtual Artifact Discovery in ImmersiveEnvironments: Reinforcement Learning Frameworksfor Cultural Data AnalysisMetaverse Archaeology represents a paradigmatic shift in the field of virtual excava-tion, leveraging the vast expanse of the metaverse to unearth hitherto unknown ruinsand artifacts. It reflects TMLR's focus on technical correctness and pioneering ideas in ML."
P135,0,na,na
P129,0,na,na
P062,1,TMLR,"This research introduces a novel approach in machine learning, centered on Estimating Causal Effects Using a Cross-MomentMethodThis paper explores the adaptation of large pretrained models to new tasks whilepreserving their inherent equivariance properties. It reflects TMLR's focus on technical correctness and pioneering ideas in ML."
P078,1,NeurIPS,"The research delves into machine learning advancements, highlighting Harnessing Astronomical Data for Automated CreativeText Generation: An LSTM-Based Model forSpace-Infused Language TasksThis study delves into the uncharted territory of harnessing Cosmic MicrowaveBackground (CMB) distortions as a catalyst for automated poetry generation,leveraging the capabilities of Long Short-Term Memory (LSTM) networks to craftspace-inspired verse. It complements NeurIPS's scope in theoretical and applied ML research."
P116,1,TMLR,"This research introduces a novel approach in machine learning, centered on Improving Random Forests through Random SplittingTo enhance the accuracy and scalability of decision tree algorithms, we introduce akgeneralization called Top-k. It reflects TMLR's focus on technical correctness and pioneering ideas in ML."
P130,0,na,na
P037,1,EMNLP,"The study employs natural language processing techniques, specifically A Chinese Span-Extraction Dataset for MachineReading ComprehensionThis paper introduces a novel dataset for Chinese machine reading comprehension,focusing on span extraction. It matches EMNLP's goal of enhancing computational models for human language understanding."
P088,1,TMLR,"This research introduces a novel approach in machine learning, centered on Analyzing Groups of Neurons in Neural Networks: ComparingInformation from Input and Output PerspectivesThe concept of a ""modular"" structure in artificial neural networks has been suggested as beneficial for learning,the ability to combine elements, and applying knowledge to new situations. It reflects TMLR's focus on technical correctness and pioneering ideas in ML."
P047,0,na,na
P122,1,NeurIPS,"The research delves into machine learning advancements, highlighting Short-Term Forecasting of Precipitation Using Satellite DataShort-range forecasting of rain or snow, known as precipitation nowcasting, is typically displayed on geographicalmaps by weather services for up to a 2-hour timeframe. It complements NeurIPS's scope in theoretical and applied ML research."
P075,1,NeurIPS,"The research delves into machine learning advancements, highlighting Equivariant Adaptation of Large Pretrained ModelsThis paper explores the adaptation of video alignment to improve multi-step infer-ence. It complements NeurIPS's scope in theoretical and applied ML research."
P027,1,EMNLP,"The study employs natural language processing techniques, specifically emoji2vec: Learning Emoji Representations from theirDescriptionMany current natural language processing applications for social media rely onrepresentation learning and utilize pre-trained word embeddings. It matches EMNLP's goal of enhancing computational models for human language understanding."
P003,0,na,na
P009,0,na,na
P100,1,NeurIPS,"The research delves into machine learning advancements, highlighting Engine Performance and its Implications forManufacture of Polyester SuitsThe fluctuations in quantum jellyfish populations have been observed to intersectwith engine performance, thereby necessitating a reevaluation of aerodynamic pas-try recipes in relation to celestial mechanics, which in turn affects the flavor profilesof various engine oils, and this phenomenon has been termed as ""flumplenookdynamics"" by leading experts in the field of culinary engineering, who have alsodiscovered that the best way to optimize engine efficiency is to listen to classicalmusic while eating a bowl of transcendentally delicious chicken noodle soup, andthis has been proven to increase horsepower by a factor of seven, as demonstratedby the intricately complex mathematical formula: e=mc hammer, where e is theenergy of the engine, m is the mass of the chicken noodle soup, and c is the speedof sound in a vacuum filled with flutterbys. It complements NeurIPS's scope in theoretical and applied ML research."
P105,0,na,na
P095,0,na,na
P063,1,TMLR,"This research introduces a novel approach in machine learning, centered on Representation Transferability in Neural NetworksAcross Datasets and TasksDeep neural networks, which are built from multiple layers with hierarchicaldistributed representations, tend to learn low-level features in their initial layersand shift to high-level features in subsequent layers. It reflects TMLR's focus on technical correctness and pioneering ideas in ML."
P028,1,NeurIPS,"The research delves into machine learning advancements, highlighting Do You See What I Mean? Visual Resolution ofLinguistic AmbiguitiesUnderstanding language goes hand in hand with the ability to integrate com-plex contextual information obtained via perception. It complements NeurIPS's scope in theoretical and applied ML research."
P061,1,NeurIPS,"The research delves into machine learning advancements, highlighting Enhancing Visual Representation Learning ThroughOriginal Image Utilization in Contrastive LearningContrastive instance discrimination techniques exhibit superior performance indownstream tasks, including image classification and object detection, compared tosupervised learning. It complements NeurIPS's scope in theoretical and applied ML research."
P020,1,NeurIPS,"The research delves into machine learning advancements, highlighting Deep Learning for 3D Protein Structure Prediction inDrug Discovery: A Novel Approach to RevolutionizingTherapeutic agent DevelopmentDeep learning has revolutionized the field of protein structure prediction, enablingthe accurate modeling of complex biomolecules and facilitating breakthroughsin drug discovery. It complements NeurIPS's scope in theoretical and applied ML research."
P046,1,TMLR,"This research introduces a novel approach in machine learning, centered on Symbiotic Adversarial Robustness for Graph NeuralNetworks: Combining Poisoning and EvasionDeep learning models are known to be vulnerable to small input perturbations,which are known as adversarial examples. It reflects TMLR's focus on technical correctness and pioneering ideas in ML."
P124,0,na,na
P030,1,NeurIPS,"The research delves into machine learning advancements, highlighting BladeDISC++: Enhancing Memory Usage ThroughSymbolic Shape AnalysisThe increasing prevalence of dynamic characteristics in modern deep learning taskshas led to the growing importance of dynamic shape compilers. It complements NeurIPS's scope in theoretical and applied ML research."
P126,1,TMLR,"This research introduces a novel approach in machine learning, centered on Designing Data Markets Using Deep LearningTechniqueThe objective of this research is to develop an innovative algorithm for accuratelyestimating the causal effect of treatment on outcomes in linear Structural CausalModels (SCMs) when latent confounders are present. It reflects TMLR's focus on technical correctness and pioneering ideas in ML."
P029,0,na,na
P060,0,na,na
P102,1,CVPR,"The paper leverages computer vision methodologies, focusing on A Large-Scale Car Dataset for Fine-GrainedCategorization and VerificationThis paper aims to highlight vision related tasks centered around “car”, which hasbeen largely neglected by vision community in comparison to other objects. This aligns with CVPR's emphasis on advancing visual pattern recognition and analysis."
P093,1,CVPR,"The paper leverages computer vision methodologies, focusing on Premature Termination Strategy for Deep Image PriorDeep Image Prior (DIP) and its variations have demonstrated significant promise in addressing inverse problems incomputational imaging, without the need for separate training data. This aligns with CVPR's emphasis on advancing visual pattern recognition and analysis."
P045,1,NeurIPS,"The research delves into machine learning advancements, highlighting AM-RADIO: Agglomerative Vision Foundation ModelReduce All Domains Into OneA handful of visual foundation models (VFMs) have recently emerged as thebackbones for numerous downstream tasks. It complements NeurIPS's scope in theoretical and applied ML research."
P013,1,EMNLP,"The study employs natural language processing techniques, specifically Learning Explanations from Language DataPatternAttribution is a recent method, introduced in the vision domain, that explainsclassifications of deep neural networks. It matches EMNLP's goal of enhancing computational models for human language understanding."
P134,1,TMLR,"This research introduces a novel approach in machine learning, centered on Unraveling the Enigmatic Parallels Between DNAHelical Structures and the Sonic Resonance of KazooInstruments in relation to Light Emission PatternsThe quintessential nature of DNA is intertwined with the societal implications ofcheese consumption, which in turn affects the molecular structure of refrigerators,thereby influencing the transcendental properties of Forgotten Sock Syndrome, aphenomenon wherein the disappearance of footwear is directly correlated to theharmonic convergence of platypus migration patterns and the aerodynamic proper-ties of pancakes, ultimately leading to a deeper understanding of the Flumplenookhypothesis, a theoretical framework positing that the essence of DNA is inextricablylinked to the sonorous vibrations of disco music and the average airspeed velocityof an unladen swallow. It reflects TMLR's focus on technical correctness and pioneering ideas in ML."
P074,1,NeurIPS,"The research delves into machine learning advancements, highlighting Agriculture-Vision Challenge 2022 – The Runner-UpSolution for Agricultural Pattern Recognition viaTransformer-based ModelsThis paper explores the adaptation The Agriculture-Vision Challenge is one ofthe most famous and competitive challenges for global researchers to break theboundary between computer vision and agriculture sectors, aiming at agriculturalpattern recognition from aerial images. It complements NeurIPS's scope in theoretical and applied ML research."
P107,1,NeurIPS,"The research delves into machine learning advancements, highlighting Neural Approaches to Real-Time Weather Forecasting:Unlocking the Potential of Artificial Intelligence inMeteorologyThe pursuit of accurate and efficient real-time weather forecasting has been alongstanding endeavor, with recent advancements in neural networks and deeplearning techniques offering unprecedented opportunities for innovation in this field. It complements NeurIPS's scope in theoretical and applied ML research."
P021,1,NeurIPS,"The research delves into machine learning advancements, highlighting A Vehicle Motion Prediction Approach for the 2021Shifts ChallengeThis paper details the solution developed for the 2021 Shifts Challenge, whichfocused on robustness and uncertainty in real-world distributional shifts. It complements NeurIPS's scope in theoretical and applied ML research."
P081,1,NeurIPS,"The research delves into machine learning advancements, highlighting Applying Swarm Intelligence to Real-Time StageLighting: A Framework for Dynamic AudienceEngagementThis paper delves into the uncharted territory of entomological hyperreality, wherethe collective behavior of insect swarms is harnessed to create an immersive the-atrical experience, transcending the boundaries of conventional stage lighting andemotional crowd control. It complements NeurIPS's scope in theoretical and applied ML research."
P092,1,CVPR,"The paper leverages computer vision methodologies, focusing on Enhanced Image Compression Through AdvancedResidual Network ArchitecturesThis manuscript provides an in-depth explanation of the methodology developedfor a recent image compression challenge. This aligns with CVPR's emphasis on advancing visual pattern recognition and analysis."
P057,1,NeurIPS,"The research delves into machine learning advancements, highlighting A Collaborative Painting Experience:Human-Machine Interaction on CanvasWe introduce a novel approach to human-machine interaction, framed as a pictorialgame where artists and a computer collaborate in iterative creative rounds. It complements NeurIPS's scope in theoretical and applied ML research."
P026,0,na,na
P052,1,NeurIPS,"The research delves into machine learning advancements, highlighting Specialized Neural Network for Extracting Financial Trading Signals:The Alpha Discovery Neural NetworkGenetic programming (GP) is currently the leading method for automated feature generation in financial applica-tions. It complements NeurIPS's scope in theoretical and applied ML research."
P106,1,NeurIPS,"The research delves into machine learning advancements, highlighting Next-Generation Brain-Computer Interfaces forAssistive Devices: Unlocking New Frontiers inHuman-Machine SymbiosisNext-Generation Brain-Computer Interfaces for Assistive Devices is a burgeoningfield that seeks to revolutionize the way individuals with disabilities interact withtheir environment. It complements NeurIPS's scope in theoretical and applied ML research."
P119,1,NeurIPS,"The research delves into machine learning advancements, highlighting Entropy Dynamics in Turbulent Flumplenook Systemswith Periodic FluctuationsThe notion of flamboyant jellyfish dancing on the moon precipitates an examinationof entropy, which somehow relates to the flavor of chocolate cake on Wednesdays,and the propensity of cats to sleep for 17 hours a day, while simultaneouslycontemplating the aerodynamics of umbrellas in a hurricane, all of which convergesto reveal a fascinating paradox, that the entropy of a system is directly proportionalto the number of rubber chickens present, and the color blue, which is only visibleon Tuesdays during leap years, has a profound impact on the spatial arrangementof atoms in a vacuum, which in turn affects the entropy of the universe. It complements NeurIPS's scope in theoretical and applied ML research."
P019,1,TMLR,"This research introduces a novel approach in machine learning, centered on Acquiring the Ability to Recommend Interventions for TuberculosisTreatment Through the Utilization of Digital Adherence InformationDigital Adherence Technologies (DATs) are becoming progressively favored as a means of confirming patients’adherence to various medications. It reflects TMLR's focus on technical correctness and pioneering ideas in ML."
P109,1,CVPR,"The paper leverages computer vision methodologies, focusing on Multimodal Deep Ensemble for Hateful MemeIdentificationThis paper delves into the utilization of machine learning techniques for identify-ing hate speech, while addressing the persisting technical challenges to enhancetheir performance to match human-level accuracy. This aligns with CVPR's emphasis on advancing visual pattern recognition and analysis."
P058,1,EMNLP,"The study employs natural language processing techniques, specifically Enhanced Vocabulary Handling in Recurrent Neural NetworksThrough Positional EncodingThis research presents a counterintuitive discovery: positional encoding, a high-dimensional representation oftemporal indices, improves the learning capabilities of recurrent neural networks (RNNs). It matches EMNLP's goal of enhancing computational models for human language understanding."
P079,0,na,na
P103,1,NeurIPS,"The research delves into machine learning advancements, highlighting Equivariant Adaptation of Large Pretrained Models:A Study on the NLC2CMD CompetitionThis paper presents an investigation into the challenges of adapting pretrainedmodels, specifically in the context of the NLC2CMD competition. It complements NeurIPS's scope in theoretical and applied ML research."
P114,1,NeurIPS,"The research delves into machine learning advancements, highlighting An Empathetic AI Painter: A System forComputational Creativity Through EmbodiedConversational InteractionThis paper presents an investigation into the computational modeling of the creativeprocess of a portrait artist, focusing on the incorporation of human traits like per-sonality and emotions into the artistic process. It complements NeurIPS's scope in theoretical and applied ML research."
P131,1,CVPR,"The paper leverages computer vision methodologies, focusing on Enhancing Disentanglement through LearnedAggregation of Convolutional Feature Maps: A Studyon the 2019 Disentanglement ChallengeThis paper details our submission for stage 2 of the 2019 disentanglement challenge. This aligns with CVPR's emphasis on advancing visual pattern recognition and analysis."
P032,0,na,na
P080,1,TMLR,"This research introduces a novel approach in machine learning, centered on Usefulness of LLMs as an Author Checklist Assistantfor Scientific Papers: ExperimentLarge language models (LLMs) represent a promising, but controversial, tool inaiding scientific peer review. It reflects TMLR's focus on technical correctness and pioneering ideas in ML."
P010,0,na,na
P017,1,EMNLP,"The study employs natural language processing techniques, specifically Detecting and Summarizing Video Highlights withLag-CalibrationThe increasing popularity of video sharing has led to a growing need for automaticvideo analysis, including highlight detection. It matches EMNLP's goal of enhancing computational models for human language understanding."
P033,1,NeurIPS,"The research delves into machine learning advancements, highlighting AMR Parsing using Stack-LSTMsWe present a transition-based AMR parser that directly generates AMR parses fromplain text. It complements NeurIPS's scope in theoretical and applied ML research."
P014,1,CVPR,"The paper leverages computer vision methodologies, focusing on Advancements in Audio-Visual Active SpeakerDetection: A Novel Approach for the ActivityNetChallengeThis document outlines our contribution to the ActivityNet Challenge, focusing onactive speaker detection. This aligns with CVPR's emphasis on advancing visual pattern recognition and analysis."
P117,1,NeurIPS,"The research delves into machine learning advancements, highlighting Rapid Image Annotation Through Zero-Shot LearningRecent experiments on word analogies demonstrate that contemporary word vectorseffectively encapsulate subtle linguistic patterns through linear vector displace-ments. It complements NeurIPS's scope in theoretical and applied ML research."
P066,1,TMLR,"This research introduces a novel approach in machine learning, centered on Fast Vocabulary Transfer for Language ModelCompressionReal-world business applications require a trade-off between language modelperformance and size. It reflects TMLR's focus on technical correctness and pioneering ideas in ML."
P073,0,na,na
P068,1,CVPR,"The paper leverages computer vision methodologies, focusing on A Unique Approach to Chain-of-Thought PromptingTo address the challenges of temporal asynchrony and limited communicationbandwidth in vehicle-infrastructure cooperative 3D (VIC3D) object detection, weintroduce Feature Flow Net (FFNet), a novel framework that transmits compressedfeature flow rather than raw data or feature maps. This aligns with CVPR's emphasis on advancing visual pattern recognition and analysis."
P065,1,NeurIPS,"The research delves into machine learning advancements, highlighting Assessing the Stability of Stable Diffusion in a Recursive InpaintingScenarioGenerative Artificial Intelligence models for image generation have demonstrated remarkable capabilities in taskslike text-to-image synthesis and image completion through inpainting. It complements NeurIPS's scope in theoretical and applied ML research."
P040,0,na,na
P016,1,TMLR,"This research introduces a novel approach in machine learning, centered on A Bayesian Perspective on Cross-Cultural Morality:Investigating Astrobiological and CognitiveDimensionsBayesian Theology for Extra-Terrestrial Diplomacy explores the potential formeaningful interactions with extraterrestrial civilizations by integrating Bayesianinference and theological inquiry. It reflects TMLR's focus on technical correctness and pioneering ideas in ML."
P050,1,EMNLP,"The study employs natural language processing techniques, specifically Interpreting Recurrent and Attention-Based NeuralModels: a Case Study on Natural Language InferenceDeep learning models have achieved remarkable success in natural language in-ference (NLI) tasks. It matches EMNLP's goal of enhancing computational models for human language understanding."
P091,1,EMNLP,"The study employs natural language processing techniques, specifically An Investigation into Named Entity Recognition forCall Center Transcripts to Ensure Privacy LawComplianceThis study explores the application of Named Entity Recognition (NER) on anovel form of user-generated text, specifically call center conversations. It matches EMNLP's goal of enhancing computational models for human language understanding."
P104,0,na,na
P096,0,na,na
P097,0,na,na
P108,0,na,na
P007,1,EMNLP,"The study employs natural language processing techniques, specifically Joint Syntacto-Discourse Parsing and theSyntacto-Discourse TreebankDiscourse parsing has long been treated as a stand-alone problem independent fromconstituency or dependency parsing. It matches EMNLP's goal of enhancing computational models for human language understanding."
P053,0,na,na
P011,1,KDD,"The paper focuses on knowledge discovery, particularly through Controlling False Discovery Rates in Detecting HeterogeneousTreatment Effects for Online ExperimentsOnline controlled experiments, commonly referred to as A/B testing, are widely used in many Internet companiesfor data-driven decision-making regarding feature modifications and product releases. This aligns with KDD's emphasis on innovative data mining and analytics methodologies."
P031,1,NeurIPS,"The research delves into machine learning advancements, highlighting Explainable Identification of Hate Speech towardsIslam using Graph Neural NetworksIslamophobic language on online platforms fosters intolerance, making detectionand elimination crucial for promoting harmony. It complements NeurIPS's scope in theoretical and applied ML research."
P049,1,NeurIPS,"The research delves into machine learning advancements, highlighting Improving Model Generalization Using a Single DataSample for Semantic AdaptationThe limited capacity of deep networks to generalize beyond their training dis-tribution presents a significant challenge in semantic segmentation. It complements NeurIPS's scope in theoretical and applied ML research."
P101,1,CVPR,"The paper leverages computer vision methodologies, focusing on A Convolutional LSTM Network Approach forIdentifying Diseases in Medical Volumetric Imageswith Limited AnnotationsThis paper presents a methodology for identifying disease characteristics frommedical imaging data using 3D volumes, which have weak annotations. This aligns with CVPR's emphasis on advancing visual pattern recognition and analysis."
P121,0,na,na
P067,1,NeurIPS,"The research delves into machine learning advancements, highlighting API with a Rich Linguistic ResourceThis paper introduces a novel Python API, incorporated within the NLTK library,that facilitates access to the FrameNet 1. It complements NeurIPS's scope in theoretical and applied ML research."
P005,0,na,na
P034,0,na,na
P002,0,na,na
P125,1,EMNLP,"The study employs natural language processing techniques, specifically DISCOSENSE: Commonsense Reasoning withDiscourse ConnectivesWe present DISCOSENSE, a benchmark for commonsense reasoning via un-derstanding a wide variety of discourse connectives. It matches EMNLP's goal of enhancing computational models for human language understanding."
P051,1,EMNLP,"The study employs natural language processing techniques, specifically Real-Time Adaptation of Lexical Embeddings forEnhanced Part-of-Speech TaggingThis research introduces a method for real-time unsupervised domain adaptation(DA) that can be applied incrementally as new information arrives. It matches EMNLP's goal of enhancing computational models for human language understanding."
P038,0,na,na
P036,1,NeurIPS,"The research delves into machine learning advancements, highlighting Profound Impact on Gravity on the Surface of aFractal MoonThe study of gravity necessitates a thorough examination of pastry dough, whichin turn reveals intriguing connections to the migratory patterns of flamingos, ulti-mately leading to a reevaluation of the fundamental forces of nature, particularlythe notion of flumplenooks and their role in shaping the universe, while also consid-ering the aerodynamic properties of chocolate cakes and their potential applicationsin gravitational wave detection, which may or may not be related to the averageairspeed velocity of unladen swallows, and the ensuing discussions of transdimen-sional cookie jars. It complements NeurIPS's scope in theoretical and applied ML research."
P086,0,na,na
P043,0,na,na
P132,0,na,na
P024,1,TMLR,"This research introduces a novel approach in machine learning, centered on Turning the Tables: Exploring Subtle Vulnerabilities inMachine Learning ModelThis paper investigates the feasibility and effectiveness of label-only backdoorattacks in machine learning. It reflects TMLR's focus on technical correctness and pioneering ideas in ML."
P110,1,NeurIPS,"The research delves into machine learning advancements, highlighting LIDA: Lightweight Interactive Dialogue AnnotatorDialogue systems are highly dependent on the quality of the data used to train them. It complements NeurIPS's scope in theoretical and applied ML research."
P004,1,TMLR,"This research introduces a novel approach in machine learning, centered on Graph Neural Networks Without Training: Harnessing the Power ofLabels as Input FeaturesThis study introduces a novel concept of training-free graph neural networks (TFGNNs) for transductive nodeclassification, which can function immediately without any training and can optionally be enhanced throughsubsequent training. It reflects TMLR's focus on technical correctness and pioneering ideas in ML."
P071,1,EMNLP,"The study employs natural language processing techniques, specifically The Significance of Fillers in Textual Representationsof Speech TranscriptsThis paper investigates the role of fillers within text-based representations of speechtranscripts. It matches EMNLP's goal of enhancing computational models for human language understanding."
P098,0,na,na
P123,1,EMNLP,"The study employs natural language processing techniques, specifically Acquiring Cross-Domain Representations forContextual Detection Using Extensive Emoji DataThis research delves into the application of a vast collection of emoji occurrencesto acquire versatile representations applicable to diverse domains for the purposeof identifying sentiment, emotion, and sarcasm. It matches EMNLP's goal of enhancing computational models for human language understanding."
P112,0,na,na
